image_path,caption,category
/projects/data/turtle-full-v2/images/Train_cropped/cropped_frame_025382.PNG,A garbage in the ocean,debris
/projects/data/turtle-full-v2/images/Train_cropped/cropped_frame_001203.PNG,A garbage in the ocean,debris
/projects/data/turtle-full-v2/images/Train_cropped/cropped_frame_001207.PNG,A marine litter,debris
/projects/data/turtle-full-v2/images/Train_cropped/cropped_frame_025103.PNG,A debris in the ocean,debris
/projects/data/turtle-full-v2/images/Train_cropped/cropped_frame_025017.PNG,A garbage in the ocean,debris
/projects/data/turtle-full-v2/images/Train_cropped/cropped_frame_025170.PNG,A garbage in the sea,debris
/projects/data/turtle-full-v2/images/Train_cropped/cropped_frame_025194.PNG,A garbage in the ocean,debris
/projects/data/turtle-full-v2/images/Train_cropped/cropped_frame_025367.PNG,A plastic waste in the sea,debris
/projects/data/turtle-full-v2/images/Train_cropped/cropped_frame_025127.PNG,A plastic waste in the sea,debris
/projects/data/turtle-full-v2/images/Train_cropped/cropped_frame_002001.PNG,A plastic waste in the sea,debris
/projects/data/turtle-full-v2/images/Train_cropped/cropped_frame_025085.PNG,A plastic waste in the sea,debris
/projects/data/turtle-full-v2/images/Train_cropped/cropped_frame_025104.PNG,A marine litter,debris
/projects/data/turtle-full-v2/images/Train_cropped/cropped_frame_001154.PNG,A garbage in the sea,debris
/projects/data/turtle-full-v2/images/Train_cropped/cropped_frame_025076.PNG,A debris in the ocean,debris
/projects/data/turtle-full-v2/images/Train_cropped/cropped_frame_025030.PNG,A marine litter,debris
/projects/data/turtle-full-v2/images/Train_cropped/cropped_frame_025101.PNG,A debris in the ocean,debris
/projects/data/turtle-full-v2/images/Train_cropped/cropped_frame_025181.PNG,A debris in the ocean,debris
/projects/data/turtle-full-v2/images/Train_cropped/cropped_frame_025182.PNG,A garbage in the ocean,debris
/projects/data/turtle-full-v2/images/Train_cropped/cropped_frame_025391.PNG,A plastic waste in the sea,debris
/projects/data/turtle-full-v2/images/Train_cropped/cropped_frame_001921.PNG,A debris in the ocean,debris
/projects/data/turtle-full-v2/images/Train_cropped/cropped_frame_025420.PNG,A garbage in the ocean,debris
/projects/data/turtle-full-v2/images/Train_cropped/cropped_frame_025007.PNG,A debris in the ocean,debris
/projects/data/turtle-full-v2/images/Train_cropped/cropped_frame_025046.PNG,A garbage in the sea,debris
/projects/data/turtle-full-v2/images/Train_cropped/cropped_frame_025226.PNG,A debris in the ocean,debris
/projects/data/turtle-full-v2/images/Train_cropped/cropped_frame_025051.PNG,A marine litter,debris
/projects/data/turtle-full-v2/images/Train_cropped/cropped_frame_025307.PNG,A marine litter,debris
/projects/data/turtle-full-v2/images/Train_cropped/cropped_frame_001274.PNG,A garbage in the sea,debris
/projects/data/turtle-full-v2/images/Train_cropped/cropped_frame_001149.PNG,A debris in the ocean,debris
/projects/data/turtle-full-v2/images/Train_cropped/cropped_frame_025247.PNG,A garbage in the ocean,debris
/projects/data/turtle-full-v2/images/Train_cropped/cropped_frame_025215.PNG,A debris in the ocean,debris
/projects/data/turtle-full-v2/images/Train_cropped/cropped_frame_001219.PNG,A garbage in the ocean,debris
/projects/data/turtle-full-v2/images/Train_cropped/cropped_frame_025095.PNG,A plastic waste in the sea,debris
/projects/data/turtle-full-v2/images/Train_cropped/cropped_frame_001181.PNG,A garbage in the ocean,debris
/projects/data/turtle-full-v2/images/Train_cropped/cropped_frame_001932.PNG,A garbage in the sea,debris
/projects/data/turtle-full-v2/images/Train_cropped/cropped_frame_001964.PNG,A marine litter,debris
/projects/data/turtle-full-v2/images/Train_cropped/cropped_frame_025197.PNG,A marine litter,debris
/projects/data/turtle-full-v2/images/Train_cropped/cropped_frame_025140.PNG,A marine litter,debris
/projects/data/turtle-full-v2/images/Train_cropped/cropped_frame_025417.PNG,A debris in the ocean,debris
/projects/data/turtle-full-v2/images/Train_cropped/cropped_frame_001231.PNG,A marine litter,debris
/projects/data/turtle-full-v2/images/Train_cropped/cropped_frame_001153.PNG,A plastic waste in the sea,debris
/projects/data/turtle-full-v2/images/Train_cropped/cropped_frame_025356.PNG,A plastic waste in the sea,debris
/projects/data/turtle-full-v2/images/Train_cropped/cropped_frame_025203.PNG,A plastic waste in the sea,debris
/projects/data/turtle-full-v2/images/Train_cropped/cropped_frame_025395.PNG,A plastic waste in the sea,debris
/projects/data/turtle-full-v2/images/Train_cropped/cropped_frame_001218.PNG,A plastic waste in the sea,debris
/projects/data/turtle-full-v2/images/Train_cropped/cropped_frame_025328.PNG,A debris in the ocean,debris
/projects/data/turtle-full-v2/images/Train_cropped/cropped_frame_025373.PNG,A marine litter,debris
/projects/data/turtle-full-v2/images/Train_cropped/cropped_frame_025143.PNG,A garbage in the ocean,debris
/projects/data/turtle-full-v2/images/Train_cropped/cropped_frame_025144.PNG,A marine litter,debris
/projects/data/turtle-full-v2/images/Train_cropped/cropped_frame_001961.PNG,A debris in the ocean,debris
/projects/data/turtle-full-v2/images/Train_cropped/cropped_frame_025050.PNG,A garbage in the ocean,debris
/projects/data/turtle-full-v2/images/Train_cropped/cropped_frame_025151.PNG,A plastic waste in the sea,debris
/projects/data/turtle-full-v2/images/Train_cropped/cropped_frame_025148.PNG,A debris in the ocean,debris
/projects/data/turtle-full-v2/images/Train_cropped/cropped_frame_025323.PNG,A garbage in the ocean,debris
/projects/data/turtle-full-v2/images/Train_cropped/cropped_frame_001990.PNG,A plastic waste in the sea,debris
/projects/data/turtle-full-v2/images/Train_cropped/cropped_frame_025018.PNG,A debris in the ocean,debris
/projects/data/turtle-full-v2/images/Train_cropped/cropped_frame_001944.PNG,A garbage in the sea,debris
/projects/data/turtle-full-v2/images/Train_cropped/cropped_frame_025424.PNG,A plastic waste in the sea,debris
/projects/data/turtle-full-v2/images/Train_cropped/cropped_frame_001151.PNG,A garbage in the ocean,debris
/projects/data/turtle-full-v2/images/Train_cropped/cropped_frame_025090.PNG,A garbage in the ocean,debris
/projects/data/turtle-full-v2/images/Train_cropped/cropped_frame_025306.PNG,A marine litter,debris
/projects/data/turtle-full-v2/images/Train_cropped/cropped_frame_025019.PNG,A plastic waste in the sea,debris
/projects/data/turtle-full-v2/images/Train_cropped/cropped_frame_025347.PNG,A debris in the ocean,debris
/projects/data/turtle-full-v2/images/Train_cropped/cropped_frame_025056.PNG,A marine litter,debris
/projects/data/turtle-full-v2/images/Train_cropped/cropped_frame_001941.PNG,A plastic waste in the sea,debris
/projects/data/turtle-full-v2/images/Train_cropped/cropped_frame_025072.PNG,A garbage in the sea,debris
/projects/data/turtle-full-v2/images/Train_cropped/cropped_frame_025257.PNG,A garbage in the ocean,debris
/projects/data/turtle-full-v2/images/Train_cropped/cropped_frame_025281.PNG,A debris in the ocean,debris
/projects/data/turtle-full-v2/images/Train_cropped/cropped_frame_025225.PNG,A garbage in the sea,debris
/projects/data/turtle-full-v2/images/Train_cropped/cropped_frame_025250.PNG,A garbage in the ocean,debris
/projects/data/turtle-full-v2/images/Train_cropped/cropped_frame_025150.PNG,A marine litter,debris
/projects/data/turtle-full-v2/images/Train_cropped/cropped_frame_001993.PNG,A garbage in the ocean,debris
/projects/data/turtle-full-v2/images/Train_cropped/cropped_frame_025303.PNG,A marine litter,debris
/projects/data/turtle-full-v2/images/Train_cropped/cropped_frame_025114.PNG,A garbage in the ocean,debris
/projects/data/turtle-full-v2/images/Train_cropped/cropped_frame_001940.PNG,A garbage in the ocean,debris
/projects/data/turtle-full-v2/images/Train_cropped/cropped_frame_001956.PNG,A debris in the ocean,debris
/projects/data/turtle-full-v2/images/Train_cropped/cropped_frame_025028.PNG,A garbage in the ocean,debris
/projects/data/turtle-full-v2/images/Train_cropped/cropped_frame_001915.PNG,A garbage in the ocean,debris
/projects/data/turtle-full-v2/images/Train_cropped/cropped_frame_025244.PNG,A plastic waste in the sea,debris
/projects/data/turtle-full-v2/images/Train_cropped/cropped_frame_001263.PNG,A plastic waste in the sea,debris
/projects/data/turtle-full-v2/images/Train_cropped/cropped_frame_001266.PNG,A plastic waste in the sea,debris
/projects/data/turtle-full-v2/images/Train_cropped/cropped_frame_025278.PNG,A marine litter,debris
/projects/data/turtle-full-v2/images/Train_cropped/cropped_frame_025055.PNG,A garbage in the sea,debris
/projects/data/turtle-full-v2/images/Train_cropped/cropped_frame_025364.PNG,A plastic waste in the sea,debris
/projects/data/turtle-full-v2/images/Train_cropped/cropped_frame_025139.PNG,A garbage in the sea,debris
/projects/data/turtle-full-v2/images/Train_cropped/cropped_frame_025119.PNG,A plastic waste in the sea,debris
/projects/data/turtle-full-v2/images/Train_cropped/cropped_frame_025285.PNG,A plastic waste in the sea,debris
/projects/data/turtle-full-v2/images/Train_cropped/cropped_frame_001184.PNG,A marine litter,debris
/projects/data/turtle-full-v2/images/Train_cropped/cropped_frame_002021.PNG,A marine litter,debris
/projects/data/turtle-full-v2/images/Train_cropped/cropped_frame_025421.PNG,A plastic waste in the sea,debris
/projects/data/turtle-full-v2/images/Train_cropped/cropped_frame_025178.PNG,A debris in the ocean,debris
/projects/data/turtle-full-v2/images/Train_cropped/cropped_frame_025351.PNG,A debris in the ocean,debris
/projects/data/turtle-full-v2/images/Train_cropped/cropped_frame_025266.PNG,A garbage in the sea,debris
/projects/data/turtle-full-v2/images/Train_cropped/cropped_frame_025057.PNG,A garbage in the ocean,debris
/projects/data/turtle-full-v2/images/Train_cropped/cropped_frame_001193.PNG,A garbage in the ocean,debris
/projects/data/turtle-full-v2/images/Train_cropped/cropped_frame_001189.PNG,A garbage in the ocean,debris
/projects/data/turtle-full-v2/images/Train_cropped/cropped_frame_001256.PNG,A plastic waste in the sea,debris
/projects/data/turtle-full-v2/images/Train_cropped/cropped_frame_001236.PNG,A plastic waste in the sea,debris
/projects/data/turtle-full-v2/images/Train_cropped/cropped_frame_025311.PNG,A marine litter,debris
/projects/data/turtle-full-v2/images/Train_cropped/cropped_frame_001918.PNG,A garbage in the sea,debris
/projects/data/turtle-full-v2/images/Train_cropped/cropped_frame_025339.PNG,A debris in the ocean,debris
/projects/data/turtle-full-v2/images/Train_cropped/cropped_frame_001213.PNG,A garbage in the ocean,debris
/projects/data/turtle-full-v2/images/Train_cropped/cropped_frame_001251.PNG,A garbage in the ocean,debris
/projects/data/turtle-full-v2/images/Train_cropped/cropped_frame_001971.PNG,A plastic waste in the sea,debris
/projects/data/turtle-full-v2/images/Train_cropped/cropped_frame_025269.PNG,A garbage in the sea,debris
/projects/data/turtle-full-v2/images/Train_cropped/cropped_frame_025128.PNG,A marine litter,debris
/projects/data/turtle-full-v2/images/Train_cropped/cropped_frame_001232.PNG,A garbage in the ocean,debris
/projects/data/turtle-full-v2/images/Train_cropped/cropped_frame_002009.PNG,A plastic waste in the sea,debris
/projects/data/turtle-full-v2/images/Train_cropped/cropped_frame_025039.PNG,A garbage in the ocean,debris
/projects/data/turtle-full-v2/images/Train_cropped/cropped_frame_025010.PNG,A marine litter,debris
/projects/data/turtle-full-v2/images/Train_cropped/cropped_frame_001261.PNG,A marine litter,debris
/projects/data/turtle-full-v2/images/Train_cropped/cropped_frame_001953.PNG,A plastic waste in the sea,debris
/projects/data/turtle-full-v2/images/Train_cropped/cropped_frame_025066.PNG,A marine litter,debris
/projects/data/turtle-full-v2/images/Train_cropped/cropped_frame_025177.PNG,A plastic waste in the sea,debris
/projects/data/turtle-full-v2/images/Train_cropped/cropped_frame_025097.PNG,A garbage in the sea,debris
/projects/data/turtle-full-v2/images/Train_cropped/cropped_frame_025313.PNG,A debris in the ocean,debris
/projects/data/turtle-full-v2/images/Train_cropped/cropped_frame_025363.PNG,A garbage in the sea,debris
/projects/data/turtle-full-v2/images/Train_cropped/cropped_frame_001933.PNG,A garbage in the ocean,debris
/projects/data/turtle-full-v2/images/Train_cropped/cropped_frame_001148.PNG,A debris in the ocean,debris
/projects/data/turtle-full-v2/images/Train_cropped/cropped_frame_025092.PNG,A debris in the ocean,debris
/projects/data/turtle-full-v2/images/Train_cropped/cropped_frame_025220.PNG,A garbage in the sea,debris
/projects/data/turtle-full-v2/images/Train_cropped/cropped_frame_025145.PNG,A garbage in the ocean,debris
/projects/data/turtle-full-v2/images/Train_cropped/cropped_frame_025191.PNG,A plastic waste in the sea,debris
/projects/data/turtle-full-v2/images/Train_cropped/cropped_frame_001170.PNG,A marine litter,debris
/projects/data/turtle-full-v2/images/Train_cropped/cropped_frame_002010.PNG,A debris in the ocean,debris
/projects/data/turtle-full-v2/images/Train_cropped/cropped_frame_001174.PNG,A marine litter,debris
/projects/data/turtle-full-v2/images/Train_cropped/cropped_frame_025052.PNG,A marine litter,debris
/projects/data/turtle-full-v2/images/Train_cropped/cropped_frame_025180.PNG,A debris in the ocean,debris
/projects/data/turtle-full-v2/images/Train_cropped/cropped_frame_001152.PNG,A plastic waste in the sea,debris
/projects/data/turtle-full-v2/images/Train_cropped/cropped_frame_025324.PNG,A marine litter,debris
/projects/data/turtle-full-v2/images/Train_cropped/cropped_frame_001221.PNG,A garbage in the ocean,debris
/projects/data/turtle-full-v2/images/Train_cropped/cropped_frame_001968.PNG,A plastic waste in the sea,debris
/projects/data/turtle-full-v2/images/Train_cropped/cropped_frame_025141.PNG,A debris in the ocean,debris
/projects/data/turtle-full-v2/images/Train_cropped/cropped_frame_025153.PNG,A garbage in the ocean,debris
/projects/data/turtle-full-v2/images/Train_cropped/cropped_frame_001992.PNG,A marine litter,debris
/projects/data/turtle-full-v2/images/Train_cropped/cropped_frame_001955.PNG,A plastic waste in the sea,debris
/projects/data/turtle-full-v2/images/Train_cropped/cropped_frame_001984.PNG,A garbage in the ocean,debris
/projects/data/turtle-full-v2/images/Train_cropped/cropped_frame_025408.PNG,A garbage in the ocean,debris
/projects/data/turtle-full-v2/images/Train_cropped/cropped_frame_025346.PNG,A garbage in the ocean,debris
/projects/data/turtle-full-v2/images/Train_cropped/cropped_frame_001910.PNG,A marine litter,debris
/projects/data/turtle-full-v2/images/Train_cropped/cropped_frame_025381.PNG,A garbage in the sea,debris
/projects/data/turtle-full-v2/images/Train_cropped/cropped_frame_025074.PNG,A plastic waste in the sea,debris
/projects/data/turtle-full-v2/images/Train_cropped/cropped_frame_025276.PNG,A garbage in the ocean,debris
/projects/data/turtle-full-v2/images/Train_cropped/cropped_frame_025415.PNG,A marine litter,debris
/projects/data/turtle-full-v2/images/Train_cropped/cropped_frame_025426.PNG,A garbage in the ocean,debris
/projects/data/turtle-full-v2/images/Train_cropped/cropped_frame_025048.PNG,A garbage in the sea,debris
/projects/data/turtle-full-v2/images/Train_cropped/cropped_frame_025169.PNG,A plastic waste in the sea,debris
/projects/data/turtle-full-v2/images/Train_cropped/cropped_frame_025026.PNG,A garbage in the sea,debris
/projects/data/turtle-full-v2/images/Train_cropped/cropped_frame_025006.PNG,A debris in the ocean,debris
/projects/data/turtle-full-v2/images/Train_cropped/cropped_frame_025063.PNG,A debris in the ocean,debris
/projects/data/turtle-full-v2/images/Train_cropped/cropped_frame_025080.PNG,A marine litter,debris
/projects/data/turtle-full-v2/images/Train_cropped/cropped_frame_025105.PNG,A debris in the ocean,debris
/projects/data/turtle-full-v2/images/Train_cropped/cropped_frame_025149.PNG,A garbage in the ocean,debris
/projects/data/turtle-full-v2/images/Train_cropped/cropped_frame_025279.PNG,A garbage in the sea,debris
/projects/data/turtle-full-v2/images/Train_cropped/cropped_frame_025186.PNG,A plastic waste in the sea,debris
/projects/data/turtle-full-v2/images/Train_cropped/cropped_frame_001246.PNG,A garbage in the ocean,debris
/projects/data/turtle-full-v2/images/Train_cropped/cropped_frame_025387.PNG,A plastic waste in the sea,debris
/projects/data/turtle-full-v2/images/Train_cropped/cropped_frame_001227.PNG,A garbage in the ocean,debris
/projects/data/turtle-full-v2/images/Train_cropped/cropped_frame_025112.PNG,A debris in the ocean,debris
/projects/data/turtle-full-v2/images/Train_cropped/cropped_frame_001926.PNG,A garbage in the sea,debris
/projects/data/turtle-full-v2/images/Train_cropped/cropped_frame_001930.PNG,A garbage in the ocean,debris
/projects/data/turtle-full-v2/images/Train_cropped/cropped_frame_025126.PNG,A marine litter,debris
/projects/data/turtle-full-v2/images/Train_cropped/cropped_frame_025354.PNG,A marine litter,debris
/projects/data/turtle-full-v2/images/Train_cropped/cropped_frame_001210.PNG,A garbage in the sea,debris
/projects/data/turtle-full-v2/images/Train_cropped/cropped_frame_025331.PNG,A garbage in the ocean,debris
/projects/data/turtle-full-v2/images/Train_cropped/cropped_frame_025232.PNG,A plastic waste in the sea,debris
/projects/data/turtle-full-v2/images/Train_cropped/cropped_frame_001264.PNG,A plastic waste in the sea,debris
/projects/data/turtle-full-v2/images/Train_cropped/cropped_frame_001217.PNG,A garbage in the sea,debris
/projects/data/turtle-full-v2/images/Train_cropped/cropped_frame_001272.PNG,A marine litter,debris
/projects/data/turtle-full-v2/images/Train_cropped/cropped_frame_025401.PNG,A marine litter,debris
/projects/data/turtle-full-v2/images/Train_cropped/cropped_frame_025043.PNG,A garbage in the ocean,debris
/projects/data/turtle-full-v2/images/Train_cropped/cropped_frame_001204.PNG,A marine litter,debris
/projects/data/turtle-full-v2/images/Train_cropped/cropped_frame_025223.PNG,A garbage in the ocean,debris
/projects/data/turtle-full-v2/images/Train_cropped/cropped_frame_025175.PNG,A debris in the ocean,debris
/projects/data/turtle-full-v2/images/Train_cropped/cropped_frame_025231.PNG,A debris in the ocean,debris
/projects/data/turtle-full-v2/images/Train_cropped/cropped_frame_025341.PNG,A marine litter,debris
/projects/data/turtle-full-v2/images/Train_cropped/cropped_frame_025350.PNG,A debris in the ocean,debris
/projects/data/turtle-full-v2/images/Train_cropped/cropped_frame_025121.PNG,A garbage in the ocean,debris
/projects/data/turtle-full-v2/images/Train_cropped/cropped_frame_025155.PNG,A debris in the ocean,debris
/projects/data/turtle-full-v2/images/Train_cropped/cropped_frame_025122.PNG,A garbage in the sea,debris
/projects/data/turtle-full-v2/images/Train_cropped/cropped_frame_001269.PNG,A garbage in the ocean,debris
/projects/data/turtle-full-v2/images/Train_cropped/cropped_frame_025023.PNG,A marine litter,debris
/projects/data/turtle-full-v2/images/Train_cropped/cropped_frame_025412.PNG,A garbage in the sea,debris
/projects/data/turtle-full-v2/images/Train_cropped/cropped_frame_025267.PNG,A debris in the ocean,debris
/projects/data/turtle-full-v2/images/Train_cropped/cropped_frame_025296.PNG,A marine litter,debris
/projects/data/turtle-full-v2/images/Train_cropped/cropped_frame_025217.PNG,A garbage in the sea,debris
/projects/data/turtle-full-v2/images/Train_cropped/cropped_frame_025290.PNG,A garbage in the ocean,debris
/projects/data/turtle-full-v2/images/Train_cropped/cropped_frame_001187.PNG,A garbage in the sea,debris
/projects/data/turtle-full-v2/images/Train_cropped/cropped_frame_025058.PNG,A marine litter,debris
/projects/data/turtle-full-v2/images/Train_cropped/cropped_frame_001994.PNG,A garbage in the ocean,debris
/projects/data/turtle-full-v2/images/Train_cropped/cropped_frame_025353.PNG,A marine litter,debris
/projects/data/turtle-full-v2/images/Train_cropped/cropped_frame_025358.PNG,A marine litter,debris
/projects/data/turtle-full-v2/images/Train_cropped/cropped_frame_025371.PNG,A marine litter,debris
/projects/data/turtle-full-v2/images/Train_cropped/cropped_frame_025249.PNG,A marine litter,debris
/projects/data/turtle-full-v2/images/Train_cropped/cropped_frame_025293.PNG,A marine litter,debris
/projects/data/turtle-full-v2/images/Train_cropped/cropped_frame_025205.PNG,A garbage in the ocean,debris
/projects/data/turtle-full-v2/images/Train_cropped/cropped_frame_001986.PNG,A plastic waste in the sea,debris
/projects/data/turtle-full-v2/images/Train_cropped/cropped_frame_025161.PNG,A plastic waste in the sea,debris
/projects/data/turtle-full-v2/images/Train_cropped/cropped_frame_001966.PNG,A marine litter,debris
/projects/data/turtle-full-v2/images/Train_cropped/cropped_frame_025005.PNG,A garbage in the ocean,debris
/projects/data/turtle-full-v2/images/Train_cropped/cropped_frame_001916.PNG,A debris in the ocean,debris
/projects/data/turtle-full-v2/images/Train_cropped/cropped_frame_025332.PNG,A marine litter,debris
/projects/data/turtle-full-v2/images/Train_cropped/cropped_frame_025091.PNG,A marine litter,debris
/projects/data/turtle-full-v2/images/Train_cropped/cropped_frame_001995.PNG,A garbage in the sea,debris
/projects/data/turtle-full-v2/images/Train_cropped/cropped_frame_001257.PNG,A garbage in the ocean,debris
/projects/data/turtle-full-v2/images/Train_cropped/cropped_frame_025246.PNG,A garbage in the ocean,debris
/projects/data/turtle-full-v2/images/Train_cropped/cropped_frame_025397.PNG,A garbage in the ocean,debris
/projects/data/turtle-full-v2/images/Train_cropped/cropped_frame_025336.PNG,A marine litter,debris
/projects/data/turtle-full-v2/images/Train_cropped/cropped_frame_025208.PNG,A marine litter,debris
/projects/data/turtle-full-v2/images/Train_cropped/cropped_frame_025375.PNG,A garbage in the sea,debris
/projects/data/turtle-full-v2/images/Train_cropped/cropped_frame_025107.PNG,A garbage in the ocean,debris
/projects/data/turtle-full-v2/images/Train_cropped/cropped_frame_025321.PNG,A garbage in the sea,debris
/projects/data/turtle-full-v2/images/Train_cropped/cropped_frame_001905.PNG,A marine litter,debris
/projects/data/turtle-full-v2/images/Train_cropped/cropped_frame_025414.PNG,A garbage in the sea,debris
/projects/data/turtle-full-v2/images/Train_cropped/cropped_frame_002014.PNG,A marine litter,debris
/projects/data/turtle-full-v2/images/Train_cropped/cropped_frame_025199.PNG,A garbage in the sea,debris
/projects/data/turtle-full-v2/images/Train_cropped/cropped_frame_001911.PNG,A plastic waste in the sea,debris
/projects/data/turtle-full-v2/images/Train_cropped/cropped_frame_025167.PNG,A garbage in the ocean,debris
/projects/data/turtle-full-v2/images/Train_cropped/cropped_frame_001997.PNG,A debris in the ocean,debris
/projects/data/turtle-full-v2/images/Train_cropped/cropped_frame_001208.PNG,A garbage in the sea,debris
/projects/data/turtle-full-v2/images/Train_cropped/cropped_frame_025013.PNG,A garbage in the ocean,debris
/projects/data/turtle-full-v2/images/Train_cropped/cropped_frame_001220.PNG,A garbage in the ocean,debris
/projects/data/turtle-full-v2/images/Train_cropped/cropped_frame_025016.PNG,A marine litter,debris
/projects/data/turtle-full-v2/images/Train_cropped/cropped_frame_025192.PNG,A garbage in the sea,debris
/projects/data/turtle-full-v2/images/Train_cropped/cropped_frame_025183.PNG,A plastic waste in the sea,debris
/projects/data/turtle-full-v2/images/Train_cropped/cropped_frame_025206.PNG,A debris in the ocean,debris
/projects/data/turtle-full-v2/images/Train_cropped/cropped_frame_002023.PNG,A garbage in the sea,debris
/projects/data/turtle-full-v2/images/Train_cropped/cropped_frame_025413.PNG,A garbage in the ocean,debris
/projects/data/turtle-full-v2/images/Train_cropped/cropped_frame_025037.PNG,A debris in the ocean,debris
/projects/data/turtle-full-v2/images/Train_cropped/cropped_frame_025146.PNG,A garbage in the ocean,debris
/projects/data/turtle-full-v2/images/Train_cropped/cropped_frame_025042.PNG,A garbage in the ocean,debris
/projects/data/turtle-full-v2/images/Train_cropped/cropped_frame_025096.PNG,A garbage in the sea,debris
/projects/data/turtle-full-v2/images/Train_cropped/cropped_frame_001946.PNG,A debris in the ocean,debris
/projects/data/turtle-full-v2/images/Train_cropped/cropped_frame_001185.PNG,A debris in the ocean,debris
/projects/data/turtle-full-v2/images/Train_cropped/cropped_frame_025196.PNG,A plastic waste in the sea,debris
/projects/data/turtle-full-v2/images/Train_cropped/cropped_frame_001923.PNG,A marine litter,debris
/projects/data/turtle-full-v2/images/Train_cropped/cropped_frame_025067.PNG,A garbage in the ocean,debris
/projects/data/turtle-full-v2/images/Train_cropped/cropped_frame_001951.PNG,A marine litter,debris
/projects/data/turtle-full-v2/images/Train_cropped/cropped_frame_025394.PNG,A plastic waste in the sea,debris
/projects/data/turtle-full-v2/images/Train_cropped/cropped_frame_025025.PNG,A garbage in the sea,debris
/projects/data/turtle-full-v2/images/Train_cropped/cropped_frame_025189.PNG,A plastic waste in the sea,debris
/projects/data/turtle-full-v2/images/Train_cropped/cropped_frame_025157.PNG,A debris in the ocean,debris
/projects/data/turtle-full-v2/images/Train_cropped/cropped_frame_025229.PNG,A garbage in the sea,debris
/projects/data/turtle-full-v2/images/Train_cropped/cropped_frame_025284.PNG,A plastic waste in the sea,debris
/projects/data/turtle-full-v2/images/Train_cropped/cropped_frame_025362.PNG,A marine litter,debris
/projects/data/turtle-full-v2/images/Train_cropped/cropped_frame_001177.PNG,A debris in the ocean,debris
/projects/data/turtle-full-v2/images/Train_cropped/cropped_frame_025256.PNG,A garbage in the ocean,debris
/projects/data/turtle-full-v2/images/Train_cropped/cropped_frame_025109.PNG,A marine litter,debris
/projects/data/turtle-full-v2/images/Train_cropped/cropped_frame_025049.PNG,A plastic waste in the sea,debris
/projects/data/turtle-full-v2/images/Train_cropped/cropped_frame_025117.PNG,A garbage in the ocean,debris
/projects/data/turtle-full-v2/images/Train_cropped/cropped_frame_001161.PNG,A garbage in the sea,debris
/projects/data/turtle-full-v2/images/Train_cropped/cropped_frame_001245.PNG,A garbage in the sea,debris
/projects/data/turtle-full-v2/images/Train_cropped/cropped_frame_025283.PNG,A garbage in the ocean,debris
/projects/data/turtle-full-v2/images/Train_cropped/cropped_frame_002008.PNG,A marine litter,debris
/projects/data/turtle-full-v2/images/Train_cropped/cropped_frame_025132.PNG,A debris in the ocean,debris
/projects/data/turtle-full-v2/images/Train_cropped/cropped_frame_025343.PNG,A debris in the ocean,debris
/projects/data/turtle-full-v2/images/Train_cropped/cropped_frame_025315.PNG,A garbage in the ocean,debris
/projects/data/turtle-full-v2/images/Train_cropped/cropped_frame_025044.PNG,A garbage in the ocean,debris
/projects/data/turtle-full-v2/images/Train_cropped/cropped_frame_001239.PNG,A marine litter,debris
/projects/data/turtle-full-v2/images/Train_cropped/cropped_frame_001259.PNG,A garbage in the sea,debris
/projects/data/turtle-full-v2/images/Train_cropped/cropped_frame_025240.PNG,A plastic waste in the sea,debris
/projects/data/turtle-full-v2/images/Train_cropped/cropped_frame_001248.PNG,A garbage in the ocean,debris
/projects/data/turtle-full-v2/images/Train_cropped/cropped_frame_001191.PNG,A plastic waste in the sea,debris
/projects/data/turtle-full-v2/images/Train_cropped/cropped_frame_001973.PNG,A garbage in the sea,debris
/projects/data/turtle-full-v2/images/Train_cropped/cropped_frame_025053.PNG,A marine litter,debris
/projects/data/turtle-full-v2/images/Train_cropped/cropped_frame_025241.PNG,A garbage in the ocean,debris
/projects/data/turtle-full-v2/images/Train_cropped/cropped_frame_025075.PNG,A garbage in the sea,debris
/projects/data/turtle-full-v2/images/Train_cropped/cropped_frame_002017.PNG,A garbage in the ocean,debris
/projects/data/turtle-full-v2/images/Train_cropped/cropped_frame_025218.PNG,A marine litter,debris
/projects/data/turtle-full-v2/images/Train_cropped/cropped_frame_025377.PNG,A marine litter,debris
/projects/data/turtle-full-v2/images/Train_cropped/cropped_frame_001982.PNG,A plastic waste in the sea,debris
/projects/data/turtle-full-v2/images/Train_cropped/cropped_frame_001967.PNG,A debris in the ocean,debris
/projects/data/turtle-full-v2/images/Train_cropped/cropped_frame_001169.PNG,A garbage in the ocean,debris
/projects/data/turtle-full-v2/images/Train_cropped/cropped_frame_025390.PNG,A garbage in the ocean,debris
/projects/data/turtle-full-v2/images/Train_cropped/cropped_frame_001939.PNG,A debris in the ocean,debris
/projects/data/turtle-full-v2/images/Train_cropped/cropped_frame_002003.PNG,A marine litter,debris
/projects/data/turtle-full-v2/images/Train_cropped/cropped_frame_001970.PNG,A debris in the ocean,debris
/projects/data/turtle-full-v2/images/Train_cropped/cropped_frame_025309.PNG,A garbage in the ocean,debris
/projects/data/turtle-full-v2/images/Train_cropped/cropped_frame_001195.PNG,A debris in the ocean,debris
/projects/data/turtle-full-v2/images/Train_cropped/cropped_frame_025344.PNG,A marine litter,debris
/projects/data/turtle-full-v2/images/Train_cropped/cropped_frame_001934.PNG,A marine litter,debris
/projects/data/turtle-full-v2/images/Train_cropped/cropped_frame_025211.PNG,A marine litter,debris
/projects/data/turtle-full-v2/images/Train_cropped/cropped_frame_001173.PNG,A marine litter,debris
/projects/data/turtle-full-v2/images/Train_cropped/cropped_frame_025173.PNG,A marine litter,debris
/projects/data/turtle-full-v2/images/Train_cropped/cropped_frame_025280.PNG,A garbage in the sea,debris
/projects/data/turtle-full-v2/images/Train_cropped/cropped_frame_025071.PNG,A plastic waste in the sea,debris
/projects/data/turtle-full-v2/images/Train_cropped/cropped_frame_001936.PNG,A marine litter,debris
/projects/data/turtle-full-v2/images/Train_cropped/cropped_frame_025273.PNG,A garbage in the ocean,debris
/projects/data/turtle-full-v2/images/Train_cropped/cropped_frame_001162.PNG,A garbage in the ocean,debris
/projects/data/turtle-full-v2/images/Train_cropped/cropped_frame_025243.PNG,A garbage in the ocean,debris
/projects/data/turtle-full-v2/images/Train_cropped/cropped_frame_001197.PNG,A garbage in the ocean,debris
/projects/data/turtle-full-v2/images/Train_cropped/cropped_frame_025432.PNG,A debris in the ocean,debris
/projects/data/turtle-full-v2/images/Train_cropped/cropped_frame_001996.PNG,A debris in the ocean,debris
/projects/data/turtle-full-v2/images/Train_cropped/cropped_frame_025022.PNG,A garbage in the ocean,debris
/projects/data/turtle-full-v2/images/Train_cropped/cropped_frame_025383.PNG,A debris in the ocean,debris
/projects/data/turtle-full-v2/images/Train_cropped/cropped_frame_001262.PNG,A marine litter,debris
/projects/data/turtle-full-v2/images/Train_cropped/cropped_frame_001228.PNG,A garbage in the ocean,debris
/projects/data/turtle-full-v2/images/Train_cropped/cropped_frame_025131.PNG,A plastic waste in the sea,debris
/projects/data/turtle-full-v2/images/Train_cropped/cropped_frame_025372.PNG,A plastic waste in the sea,debris
/projects/data/turtle-full-v2/images/Train_cropped/cropped_frame_001275.PNG,A garbage in the sea,debris
/projects/data/turtle-full-v2/images/Train_cropped/cropped_frame_002000.PNG,A garbage in the ocean,debris
/projects/data/turtle-full-v2/images/Train_cropped/cropped_frame_002024.PNG,A garbage in the sea,debris
/projects/data/turtle-full-v2/images/Train_cropped/cropped_frame_025160.PNG,A garbage in the sea,debris
/projects/data/turtle-full-v2/images/Train_cropped/cropped_frame_025077.PNG,A garbage in the sea,debris
/projects/data/turtle-full-v2/images/Train_cropped/cropped_frame_025087.PNG,A debris in the ocean,debris
/projects/data/turtle-full-v2/images/Train_cropped/cropped_frame_001157.PNG,A plastic waste in the sea,debris
/projects/data/turtle-full-v2/images/Train_cropped/cropped_frame_001179.PNG,A garbage in the ocean,debris
/projects/data/turtle-full-v2/images/Train_cropped/cropped_frame_025355.PNG,A debris in the ocean,debris
/projects/data/turtle-full-v2/images/Train_cropped/cropped_frame_025282.PNG,A plastic waste in the sea,debris
/projects/data/turtle-full-v2/images/Train_cropped/cropped_frame_025337.PNG,A plastic waste in the sea,debris
/projects/data/turtle-full-v2/images/Train_cropped/cropped_frame_025262.PNG,A plastic waste in the sea,debris
/projects/data/turtle-full-v2/images/Train_cropped/cropped_frame_001209.PNG,A debris in the ocean,debris
/projects/data/turtle-full-v2/images/Train_cropped/cropped_frame_001942.PNG,A debris in the ocean,debris
/projects/data/turtle-full-v2/images/Train_cropped/cropped_frame_001954.PNG,A garbage in the sea,debris
/projects/data/turtle-full-v2/images/Train_cropped/cropped_frame_025312.PNG,A plastic waste in the sea,debris
/projects/data/turtle-full-v2/images/Train_cropped/cropped_frame_001211.PNG,A garbage in the ocean,debris
/projects/data/turtle-full-v2/images/Train_cropped/cropped_frame_025111.PNG,A plastic waste in the sea,debris
/projects/data/turtle-full-v2/images/Train_cropped/cropped_frame_025318.PNG,A garbage in the ocean,debris
/projects/data/turtle-full-v2/images/Train_cropped/cropped_frame_001976.PNG,A marine litter,debris
/projects/data/turtle-full-v2/images/Train_cropped/cropped_frame_025065.PNG,A plastic waste in the sea,debris
/projects/data/turtle-full-v2/images/Train_cropped/cropped_frame_025263.PNG,A debris in the ocean,debris
/projects/data/turtle-full-v2/images/Train_cropped/cropped_frame_001166.PNG,A plastic waste in the sea,debris
/projects/data/turtle-full-v2/images/Train_cropped/cropped_frame_001906.PNG,A marine litter,debris
/projects/data/turtle-full-v2/images/Train_cropped/cropped_frame_025047.PNG,A garbage in the sea,debris
/projects/data/turtle-full-v2/images/Train_cropped/cropped_frame_025188.PNG,A garbage in the sea,debris
/projects/data/turtle-full-v2/images/Train_cropped/cropped_frame_001180.PNG,A marine litter,debris
/projects/data/turtle-full-v2/images/Train_cropped/cropped_frame_025304.PNG,A plastic waste in the sea,debris
/projects/data/turtle-full-v2/images/Train_cropped/cropped_frame_025162.PNG,A debris in the ocean,debris
/projects/data/turtle-full-v2/images/Train_cropped/cropped_frame_025045.PNG,A marine litter,debris
/projects/data/turtle-full-v2/images/Train_cropped/cropped_frame_025252.PNG,A garbage in the ocean,debris
/projects/data/turtle-full-v2/images/Train_cropped/cropped_frame_025319.PNG,A garbage in the sea,debris
/projects/data/turtle-full-v2/images/Train_cropped/cropped_frame_025335.PNG,A debris in the ocean,debris
/projects/data/turtle-full-v2/images/Train_cropped/cropped_frame_025274.PNG,A garbage in the sea,debris
/projects/data/turtle-full-v2/images/Train_cropped/cropped_frame_025325.PNG,A garbage in the ocean,debris
/projects/data/turtle-full-v2/images/Train_cropped/cropped_frame_025078.PNG,A garbage in the ocean,debris
/projects/data/turtle-full-v2/images/Train_cropped/cropped_frame_025061.PNG,A garbage in the ocean,debris
/projects/data/turtle-full-v2/images/Train_cropped/cropped_frame_001914.PNG,A plastic waste in the sea,debris
/projects/data/turtle-full-v2/images/Train_cropped/cropped_frame_025027.PNG,A garbage in the ocean,debris
/projects/data/turtle-full-v2/images/Train_cropped/cropped_frame_025333.PNG,A plastic waste in the sea,debris
/projects/data/turtle-full-v2/images/Train_cropped/cropped_frame_025422.PNG,A plastic waste in the sea,debris
/projects/data/turtle-full-v2/images/Train_cropped/cropped_frame_025118.PNG,A garbage in the ocean,debris
/projects/data/turtle-full-v2/images/Train_cropped/cropped_frame_025202.PNG,A garbage in the ocean,debris
/projects/data/turtle-full-v2/images/Train_cropped/cropped_frame_025041.PNG,A garbage in the sea,debris
/projects/data/turtle-full-v2/images/Train_cropped/cropped_frame_001989.PNG,A garbage in the sea,debris
/projects/data/turtle-full-v2/images/Train_cropped/cropped_frame_001175.PNG,A garbage in the sea,debris
/projects/data/turtle-full-v2/images/Train_cropped/cropped_frame_001182.PNG,A plastic waste in the sea,debris
/projects/data/turtle-full-v2/images/Train_cropped/cropped_frame_001912.PNG,A plastic waste in the sea,debris
/projects/data/turtle-full-v2/images/Train_cropped/cropped_frame_025099.PNG,A marine litter,debris
/projects/data/turtle-full-v2/images/Train_cropped/cropped_frame_001214.PNG,A garbage in the ocean,debris
/projects/data/turtle-full-v2/images/Train_cropped/cropped_frame_001935.PNG,A plastic waste in the sea,debris
/projects/data/turtle-full-v2/images/Train_cropped/cropped_frame_025154.PNG,A plastic waste in the sea,debris
/projects/data/turtle-full-v2/images/Train_cropped/cropped_frame_001225.PNG,A plastic waste in the sea,debris
/projects/data/turtle-full-v2/images/Train_cropped/cropped_frame_025204.PNG,A debris in the ocean,debris
/projects/data/turtle-full-v2/images/Train_cropped/cropped_frame_001273.PNG,A garbage in the sea,debris
/projects/data/turtle-full-v2/images/Train_cropped/cropped_frame_025402.PNG,A debris in the ocean,debris
/projects/data/turtle-full-v2/images/Train_cropped/cropped_frame_001234.PNG,A debris in the ocean,debris
/projects/data/turtle-full-v2/images/Train_cropped/cropped_frame_001235.PNG,A debris in the ocean,debris
/projects/data/turtle-full-v2/images/Train_cropped/cropped_frame_001980.PNG,A marine litter,debris
/projects/data/turtle-full-v2/images/Train_cropped/cropped_frame_025138.PNG,A plastic waste in the sea,debris
/projects/data/turtle-full-v2/images/Train_cropped/cropped_frame_025286.PNG,A marine litter,debris
/projects/data/turtle-full-v2/images/Train_cropped/cropped_frame_025210.PNG,A plastic waste in the sea,debris
/projects/data/turtle-full-v2/images/Train_cropped/cropped_frame_025359.PNG,A plastic waste in the sea,debris
/projects/data/turtle-full-v2/images/Train_cropped/cropped_frame_001194.PNG,A garbage in the ocean,debris
/projects/data/turtle-full-v2/images/Train_cropped/cropped_frame_025024.PNG,A garbage in the sea,debris
/projects/data/turtle-full-v2/images/Train_cropped/cropped_frame_025207.PNG,A garbage in the ocean,debris
/projects/data/turtle-full-v2/images/Train_cropped/cropped_frame_001908.PNG,A plastic waste in the sea,debris
/projects/data/turtle-full-v2/images/Train_cropped/cropped_frame_002013.PNG,A debris in the ocean,debris
/projects/data/turtle-full-v2/images/Train_cropped/cropped_frame_025120.PNG,A debris in the ocean,debris
/projects/data/turtle-full-v2/images/Train_cropped/cropped_frame_025222.PNG,A garbage in the ocean,debris
/projects/data/turtle-full-v2/images/Train_cropped/cropped_frame_001922.PNG,A garbage in the ocean,debris
/projects/data/turtle-full-v2/images/Train_cropped/cropped_frame_025292.PNG,A plastic waste in the sea,debris
/projects/data/turtle-full-v2/images/Train_cropped/cropped_frame_025130.PNG,A garbage in the ocean,debris
/projects/data/turtle-full-v2/images/Train_cropped/cropped_frame_001974.PNG,A garbage in the sea,debris
/projects/data/turtle-full-v2/images/Train_cropped/cropped_frame_025277.PNG,A garbage in the ocean,debris
/projects/data/turtle-full-v2/images/Train_cropped/cropped_frame_001965.PNG,A plastic waste in the sea,debris
/projects/data/turtle-full-v2/images/Train_cropped/cropped_frame_025338.PNG,A plastic waste in the sea,debris
/projects/data/turtle-full-v2/images/Train_cropped/cropped_frame_002020.PNG,A marine litter,debris
/projects/data/turtle-full-v2/images/Train_cropped/cropped_frame_001158.PNG,A garbage in the ocean,debris
/projects/data/turtle-full-v2/images/Train_cropped/cropped_frame_001224.PNG,A garbage in the ocean,debris
/projects/data/turtle-full-v2/images/Train_cropped/cropped_frame_025345.PNG,A garbage in the sea,debris
/projects/data/turtle-full-v2/images/Train_cropped/cropped_frame_001917.PNG,A plastic waste in the sea,debris
/projects/data/turtle-full-v2/images/Train_cropped/cropped_frame_025168.PNG,A marine litter,debris
/projects/data/turtle-full-v2/images/Train_cropped/cropped_frame_001186.PNG,A debris in the ocean,debris
/projects/data/turtle-full-v2/images/Train_cropped/cropped_frame_025396.PNG,A debris in the ocean,debris
/projects/data/turtle-full-v2/images/Train_cropped/cropped_frame_001985.PNG,A garbage in the ocean,debris
/projects/data/turtle-full-v2/images/Train_cropped/cropped_frame_025425.PNG,A garbage in the ocean,debris
/projects/data/turtle-full-v2/images/Train_cropped/cropped_frame_001252.PNG,A debris in the ocean,debris
/projects/data/turtle-full-v2/images/Train_cropped/cropped_frame_025379.PNG,A debris in the ocean,debris
/projects/data/turtle-full-v2/images/Train_cropped/cropped_frame_025251.PNG,A marine litter,debris
/projects/data/turtle-full-v2/images/Train_cropped/cropped_frame_001938.PNG,A garbage in the ocean,debris
/projects/data/turtle-full-v2/images/Train_cropped/cropped_frame_025040.PNG,A plastic waste in the sea,debris
/projects/data/turtle-full-v2/images/Train_cropped/cropped_frame_025427.PNG,A debris in the ocean,debris
/projects/data/turtle-full-v2/images/Train_cropped/cropped_frame_001952.PNG,A plastic waste in the sea,debris
/projects/data/turtle-full-v2/images/Train_cropped/cropped_frame_025399.PNG,A marine litter,debris
/projects/data/turtle-full-v2/images/Train_cropped/cropped_frame_025003.PNG,A garbage in the sea,debris
/projects/data/turtle-full-v2/images/Train_cropped/cropped_frame_001969.PNG,A plastic waste in the sea,debris
/projects/data/turtle-full-v2/images/Train_cropped/cropped_frame_001176.PNG,A debris in the ocean,debris
/projects/data/turtle-full-v2/images/Train_cropped/cropped_frame_025219.PNG,A plastic waste in the sea,debris
/projects/data/turtle-full-v2/images/Train_cropped/cropped_frame_001959.PNG,A garbage in the sea,debris
/projects/data/turtle-full-v2/images/Train_cropped/cropped_frame_025187.PNG,A garbage in the sea,debris
/projects/data/turtle-full-v2/images/Train_cropped/cropped_frame_025081.PNG,A debris in the ocean,debris
/projects/data/turtle-full-v2/images/Train_cropped/cropped_frame_025326.PNG,A garbage in the ocean,debris
/projects/data/turtle-full-v2/images/Train_cropped/cropped_frame_025034.PNG,A debris in the ocean,debris
/projects/data/turtle-full-v2/images/Train_cropped/cropped_frame_025261.PNG,A debris in the ocean,debris
/projects/data/turtle-full-v2/images/Train_cropped/cropped_frame_001265.PNG,A marine litter,debris
/projects/data/turtle-full-v2/images/Train_cropped/cropped_frame_025100.PNG,A debris in the ocean,debris
/projects/data/turtle-full-v2/images/Train_cropped/cropped_frame_025260.PNG,A plastic waste in the sea,debris
/projects/data/turtle-full-v2/images/Train_cropped/cropped_frame_001167.PNG,A garbage in the sea,debris
/projects/data/turtle-full-v2/images/Train_cropped/cropped_frame_025330.PNG,A debris in the ocean,debris
/projects/data/turtle-full-v2/images/Train_cropped/cropped_frame_025242.PNG,A plastic waste in the sea,debris
/projects/data/turtle-full-v2/images/Train_cropped/cropped_frame_001962.PNG,A marine litter,debris
/projects/data/turtle-full-v2/images/Train_cropped/cropped_frame_025404.PNG,A garbage in the sea,debris
/projects/data/turtle-full-v2/images/Train_cropped/cropped_frame_025033.PNG,A plastic waste in the sea,debris
/projects/data/turtle-full-v2/images/Train_cropped/cropped_frame_025378.PNG,A marine litter,debris
/projects/data/turtle-full-v2/images/Train_cropped/cropped_frame_025405.PNG,A marine litter,debris
/projects/data/turtle-full-v2/images/Train_cropped/cropped_frame_025142.PNG,A plastic waste in the sea,debris
/projects/data/turtle-full-v2/images/Train_cropped/cropped_frame_025329.PNG,A plastic waste in the sea,debris
/projects/data/turtle-full-v2/images/Train_cropped/cropped_frame_025029.PNG,A garbage in the ocean,debris
/projects/data/turtle-full-v2/images/Train_cropped/cropped_frame_025129.PNG,A debris in the ocean,debris
/projects/data/turtle-full-v2/images/Train_cropped/cropped_frame_025301.PNG,A garbage in the sea,debris
/projects/data/turtle-full-v2/images/Train_cropped/cropped_frame_025349.PNG,A garbage in the sea,debris
/projects/data/turtle-full-v2/images/Train_cropped/cropped_frame_025322.PNG,A marine litter,debris
/projects/data/turtle-full-v2/images/Train_cropped/cropped_frame_001943.PNG,A garbage in the sea,debris
/projects/data/turtle-full-v2/images/Train_cropped/cropped_frame_025327.PNG,A debris in the ocean,debris
/projects/data/turtle-full-v2/images/Train_cropped/cropped_frame_001991.PNG,A marine litter,debris
/projects/data/turtle-full-v2/images/Train_cropped/cropped_frame_001164.PNG,A garbage in the sea,debris
/projects/data/turtle-full-v2/images/Train_cropped/cropped_frame_025084.PNG,A marine litter,debris
/projects/data/turtle-full-v2/images/Train_cropped/cropped_frame_025392.PNG,A plastic waste in the sea,debris
/projects/data/turtle-full-v2/images/Train_cropped/cropped_frame_001958.PNG,A debris in the ocean,debris
/projects/data/turtle-full-v2/images/Train_cropped/cropped_frame_025125.PNG,A plastic waste in the sea,debris
/projects/data/turtle-full-v2/images/Train_cropped/cropped_frame_025093.PNG,A debris in the ocean,debris
/projects/data/turtle-full-v2/images/Train_cropped/cropped_frame_001253.PNG,A plastic waste in the sea,debris
/projects/data/turtle-full-v2/images/Train_cropped/cropped_frame_025386.PNG,A debris in the ocean,debris
/projects/data/turtle-full-v2/images/Train_cropped/cropped_frame_025098.PNG,A marine litter,debris
/projects/data/turtle-full-v2/images/Train_cropped/cropped_frame_025136.PNG,A garbage in the sea,debris
/projects/data/turtle-full-v2/images/Train_cropped/cropped_frame_025400.PNG,A garbage in the sea,debris
/projects/data/turtle-full-v2/images/Train_cropped/cropped_frame_002012.PNG,A garbage in the sea,debris
/projects/data/turtle-full-v2/images/Train_cropped/cropped_frame_002016.PNG,A garbage in the ocean,debris
/projects/data/turtle-full-v2/images/Train_cropped/cropped_frame_025133.PNG,A plastic waste in the sea,debris
/projects/data/turtle-full-v2/images/Train_cropped/cropped_frame_025270.PNG,A marine litter,debris
/projects/data/turtle-full-v2/images/Train_cropped/cropped_frame_025235.PNG,A garbage in the ocean,debris
/projects/data/turtle-full-v2/images/Train_cropped/cropped_frame_001156.PNG,A garbage in the ocean,debris
/projects/data/turtle-full-v2/images/Train_cropped/cropped_frame_025409.PNG,A debris in the ocean,debris
/projects/data/turtle-full-v2/images/Train_cropped/cropped_frame_002022.PNG,A marine litter,debris
/projects/data/turtle-full-v2/images/Train_cropped/cropped_frame_025233.PNG,A debris in the ocean,debris
/projects/data/turtle-full-v2/images/Train_cropped/cropped_frame_001160.PNG,A garbage in the ocean,debris
/projects/data/turtle-full-v2/images/Train_cropped/cropped_frame_025419.PNG,A garbage in the sea,debris
/projects/data/turtle-full-v2/images/Train_cropped/cropped_frame_025291.PNG,A garbage in the sea,debris
/projects/data/turtle-full-v2/images/Train_cropped/cropped_frame_025214.PNG,A garbage in the sea,debris
/projects/data/turtle-full-v2/images/Train_cropped/cropped_frame_001929.PNG,A debris in the ocean,debris
/projects/data/turtle-full-v2/images/Train_cropped/cropped_frame_001172.PNG,A garbage in the ocean,debris
/projects/data/turtle-full-v2/images/Train_cropped/cropped_frame_025237.PNG,A garbage in the ocean,debris
/projects/data/turtle-full-v2/images/Train_cropped/cropped_frame_002018.PNG,A plastic waste in the sea,debris
/projects/data/turtle-full-v2/images/Train_cropped/cropped_frame_001240.PNG,A garbage in the ocean,debris
/projects/data/turtle-full-v2/images/Train_cropped/cropped_frame_001920.PNG,A marine litter,debris
/projects/data/turtle-full-v2/images/Train_cropped/cropped_frame_002019.PNG,A plastic waste in the sea,debris
/projects/data/turtle-full-v2/images/Train_cropped/cropped_frame_001928.PNG,A marine litter,debris
/projects/data/turtle-full-v2/images/Train_cropped/cropped_frame_025316.PNG,A marine litter,debris
/projects/data/turtle-full-v2/images/Train_cropped/cropped_frame_025073.PNG,A marine litter,debris
/projects/data/turtle-full-v2/images/Train_cropped/cropped_frame_001206.PNG,A garbage in the sea,debris
/projects/data/turtle-full-v2/images/Train_cropped/cropped_frame_025031.PNG,A garbage in the ocean,debris
/projects/data/turtle-full-v2/images/Train_cropped/cropped_frame_001229.PNG,A garbage in the ocean,debris
/projects/data/turtle-full-v2/images/Train_cropped/cropped_frame_001998.PNG,A marine litter,debris
/projects/data/turtle-full-v2/images/Train_cropped/cropped_frame_025265.PNG,A garbage in the sea,debris
/projects/data/turtle-full-v2/images/Train_cropped/cropped_frame_001238.PNG,A plastic waste in the sea,debris
/projects/data/turtle-full-v2/images/Train_cropped/cropped_frame_025079.PNG,A marine litter,debris
/projects/data/turtle-full-v2/images/Train_cropped/cropped_frame_025172.PNG,A plastic waste in the sea,debris
/projects/data/turtle-full-v2/images/Train_cropped/cropped_frame_025106.PNG,A plastic waste in the sea,debris
/projects/data/turtle-full-v2/images/Train_cropped/cropped_frame_001199.PNG,A garbage in the ocean,debris
/projects/data/turtle-full-v2/images/Train_cropped/cropped_frame_025174.PNG,A garbage in the sea,debris
/projects/data/turtle-full-v2/images/Train_cropped/cropped_frame_025248.PNG,A marine litter,debris
/projects/data/turtle-full-v2/images/Train_cropped/cropped_frame_001165.PNG,A plastic waste in the sea,debris
/projects/data/turtle-full-v2/images/Train_cropped/cropped_frame_025137.PNG,A garbage in the sea,debris
/projects/data/turtle-full-v2/images/Train_cropped/cropped_frame_001230.PNG,A garbage in the ocean,debris
/projects/data/turtle-full-v2/images/Train_cropped/cropped_frame_001244.PNG,A debris in the ocean,debris
/projects/data/turtle-full-v2/images/Train_cropped/cropped_frame_025015.PNG,A debris in the ocean,debris
/projects/data/turtle-full-v2/images/Train_cropped/cropped_frame_001972.PNG,A plastic waste in the sea,debris
/projects/data/turtle-full-v2/images/Train_cropped/cropped_frame_025009.PNG,A marine litter,debris
/projects/data/turtle-full-v2/images/Train_cropped/cropped_frame_025300.PNG,A garbage in the ocean,debris
/projects/data/turtle-full-v2/images/Train_cropped/cropped_frame_025054.PNG,A debris in the ocean,debris
/projects/data/turtle-full-v2/images/Train_cropped/cropped_frame_001987.PNG,A marine litter,debris
/projects/data/turtle-full-v2/images/Train_cropped/cropped_frame_025083.PNG,A garbage in the ocean,debris
/projects/data/turtle-full-v2/images/Train_cropped/cropped_frame_025365.PNG,A debris in the ocean,debris
/projects/data/turtle-full-v2/images/Train_cropped/cropped_frame_025135.PNG,A garbage in the ocean,debris
/projects/data/turtle-full-v2/images/Train_cropped/cropped_frame_001255.PNG,A plastic waste in the sea,debris
/projects/data/turtle-full-v2/images/Train_cropped/cropped_frame_001979.PNG,A garbage in the sea,debris
/projects/data/turtle-full-v2/images/Train_cropped/cropped_frame_025317.PNG,A debris in the ocean,debris
/projects/data/turtle-full-v2/images/Train_cropped/cropped_frame_001260.PNG,A plastic waste in the sea,debris
/projects/data/turtle-full-v2/images/Train_cropped/cropped_frame_001237.PNG,A marine litter,debris
/projects/data/turtle-full-v2/images/Train_cropped/cropped_frame_025185.PNG,A garbage in the sea,debris
/projects/data/turtle-full-v2/images/Train_cropped/cropped_frame_025295.PNG,A garbage in the sea,debris
/projects/data/turtle-full-v2/images/Train_cropped/cropped_frame_025198.PNG,A garbage in the sea,debris
/projects/data/turtle-full-v2/images/Train_cropped/cropped_frame_025234.PNG,A debris in the ocean,debris
/projects/data/turtle-full-v2/images/Train_cropped/cropped_frame_001907.PNG,A garbage in the ocean,debris
/projects/data/turtle-full-v2/images/Train_cropped/cropped_frame_025431.PNG,A garbage in the sea,debris
/projects/data/turtle-full-v2/images/Train_cropped/cropped_frame_001223.PNG,A debris in the ocean,debris
/projects/data/turtle-full-v2/images/Train_cropped/cropped_frame_025302.PNG,A plastic waste in the sea,debris
/projects/data/turtle-full-v2/images/Train_cropped/cropped_frame_001927.PNG,A garbage in the sea,debris
/projects/data/turtle-full-v2/images/Train_cropped/cropped_frame_025171.PNG,A garbage in the sea,debris
/projects/data/turtle-full-v2/images/Train_cropped/cropped_frame_025116.PNG,A debris in the ocean,debris
/projects/data/turtle-full-v2/images/Train_cropped/cropped_frame_025004.PNG,A plastic waste in the sea,debris
/projects/data/turtle-full-v2/images/Train_cropped/cropped_frame_001196.PNG,A plastic waste in the sea,debris
/projects/data/turtle-full-v2/images/Train_cropped/cropped_frame_025147.PNG,A plastic waste in the sea,debris
/projects/data/turtle-full-v2/images/Train_cropped/cropped_frame_025374.PNG,A garbage in the ocean,debris
/projects/data/turtle-full-v2/images/Train_cropped/cropped_frame_025110.PNG,A marine litter,debris
/projects/data/turtle-full-v2/images/Train_cropped/cropped_frame_001226.PNG,A marine litter,debris
/projects/data/turtle-full-v2/images/Train_cropped/cropped_frame_025008.PNG,A garbage in the sea,debris
/projects/data/turtle-full-v2/images/Train_cropped/cropped_frame_025271.PNG,A garbage in the sea,debris
/projects/data/turtle-full-v2/images/Train_cropped/cropped_frame_025152.PNG,A marine litter,debris
/projects/data/turtle-full-v2/images/Train_cropped/cropped_frame_025368.PNG,A debris in the ocean,debris
/projects/data/turtle-full-v2/images/Train_cropped/cropped_frame_001249.PNG,A marine litter,debris
/projects/data/turtle-full-v2/images/Train_cropped/cropped_frame_001957.PNG,A garbage in the sea,debris
/projects/data/turtle-full-v2/images/Train_cropped/cropped_frame_025069.PNG,A plastic waste in the sea,debris
/projects/data/turtle-full-v2/images/Train_cropped/cropped_frame_025238.PNG,A debris in the ocean,debris
/projects/data/turtle-full-v2/images/Train_cropped/cropped_frame_025088.PNG,A garbage in the sea,debris
/projects/data/turtle-full-v2/images/Train_cropped/cropped_frame_025014.PNG,A debris in the ocean,debris
/projects/data/turtle-full-v2/images/Train_cropped/cropped_frame_025357.PNG,A debris in the ocean,debris
/projects/data/turtle-full-v2/images/Train_cropped/cropped_frame_025380.PNG,A debris in the ocean,debris
/projects/data/turtle-full-v2/images/Train_cropped/cropped_frame_001205.PNG,A plastic waste in the sea,debris
/projects/data/turtle-full-v2/images/Train_cropped/cropped_frame_025124.PNG,A debris in the ocean,debris
/projects/data/turtle-full-v2/images/Train_cropped/cropped_frame_025201.PNG,A debris in the ocean,debris
/projects/data/turtle-full-v2/images/Train_cropped/cropped_frame_001201.PNG,A garbage in the ocean,debris
/projects/data/turtle-full-v2/images/Train_cropped/cropped_frame_025012.PNG,A plastic waste in the sea,debris
/projects/data/turtle-full-v2/images/Train_cropped/cropped_frame_025310.PNG,A plastic waste in the sea,debris
/projects/data/turtle-full-v2/images/Train_cropped/cropped_frame_025258.PNG,A garbage in the ocean,debris
/projects/data/turtle-full-v2/images/Train_cropped/cropped_frame_025348.PNG,A debris in the ocean,debris
/projects/data/turtle-full-v2/images/Train_cropped/cropped_frame_025320.PNG,A garbage in the sea,debris
/projects/data/turtle-full-v2/images/Train_cropped/cropped_frame_025032.PNG,A garbage in the sea,debris
/projects/data/turtle-full-v2/images/Train_cropped/cropped_frame_025360.PNG,A plastic waste in the sea,debris
/projects/data/turtle-full-v2/images/Train_cropped/cropped_frame_025195.PNG,A plastic waste in the sea,debris
/projects/data/turtle-full-v2/images/Train_cropped/cropped_frame_001178.PNG,A garbage in the ocean,debris
/projects/data/turtle-full-v2/images/Train_cropped/cropped_frame_025011.PNG,A garbage in the sea,debris
/projects/data/turtle-full-v2/images/Train_cropped/cropped_frame_025165.PNG,A marine litter,debris
/projects/data/turtle-full-v2/images/Train_cropped/cropped_frame_025385.PNG,A plastic waste in the sea,debris
/projects/data/turtle-full-v2/images/Train_cropped/cropped_frame_025200.PNG,A debris in the ocean,debris
/projects/data/turtle-full-v2/images/Train_cropped/cropped_frame_001202.PNG,A debris in the ocean,debris
/projects/data/turtle-full-v2/images/Train_cropped/cropped_frame_001950.PNG,A garbage in the ocean,debris
/projects/data/turtle-full-v2/images/Train_cropped/cropped_frame_001981.PNG,A debris in the ocean,debris
/projects/data/turtle-full-v2/images/Train_cropped/cropped_frame_025190.PNG,A marine litter,debris
/projects/data/turtle-full-v2/images/Train_cropped/cropped_frame_001233.PNG,A garbage in the ocean,debris
/projects/data/turtle-full-v2/images/Train_cropped/cropped_frame_001975.PNG,A garbage in the ocean,debris
/projects/data/turtle-full-v2/images/Train_cropped/cropped_frame_025275.PNG,A marine litter,debris
/projects/data/turtle-full-v2/images/Train_cropped/cropped_frame_025193.PNG,A garbage in the sea,debris
/projects/data/turtle-full-v2/images/Train_cropped/cropped_frame_001267.PNG,A debris in the ocean,debris
/projects/data/turtle-full-v2/images/Train_cropped/cropped_frame_025398.PNG,A garbage in the sea,debris
/projects/data/turtle-full-v2/images/Train_cropped/cropped_frame_025230.PNG,A marine litter,debris
/projects/data/turtle-full-v2/images/Train_cropped/cropped_frame_001268.PNG,A marine litter,debris
/projects/data/turtle-full-v2/images/Train_cropped/cropped_frame_025298.PNG,A plastic waste in the sea,debris
/projects/data/turtle-full-v2/images/Train_cropped/cropped_frame_025123.PNG,A garbage in the sea,debris
/projects/data/turtle-full-v2/images/Train_cropped/cropped_frame_025268.PNG,A debris in the ocean,debris
/projects/data/turtle-full-v2/images/Train_cropped/cropped_frame_001216.PNG,A garbage in the sea,debris
/projects/data/turtle-full-v2/images/Train_cropped/cropped_frame_002005.PNG,A debris in the ocean,debris
/projects/data/turtle-full-v2/images/Train_cropped/cropped_frame_025308.PNG,A debris in the ocean,debris
/projects/data/turtle-full-v2/images/Train_cropped/cropped_frame_025227.PNG,A garbage in the ocean,debris
/projects/data/turtle-full-v2/images/Train_cropped/cropped_frame_025179.PNG,A plastic waste in the sea,debris
/projects/data/turtle-full-v2/images/Train_cropped/cropped_frame_001913.PNG,A marine litter,debris
/projects/data/turtle-full-v2/images/Train_cropped/cropped_frame_002025.PNG,A debris in the ocean,debris
/projects/data/turtle-full-v2/images/Train_cropped/cropped_frame_025259.PNG,A garbage in the sea,debris
/projects/data/turtle-full-v2/images/Train_cropped/cropped_frame_002015.PNG,A plastic waste in the sea,debris
/projects/data/turtle-full-v2/images/Train_cropped/cropped_frame_025070.PNG,A marine litter,debris
/projects/data/turtle-full-v2/images/Train_cropped/cropped_frame_025038.PNG,A marine litter,debris
/projects/data/turtle-full-v2/images/Train_cropped/cropped_frame_025406.PNG,A garbage in the sea,debris
/projects/data/turtle-full-v2/images/Train_cropped/cropped_frame_025212.PNG,A garbage in the ocean,debris
/projects/data/turtle-full-v2/images/Train_cropped/cropped_frame_001183.PNG,A garbage in the sea,debris
/projects/data/turtle-full-v2/images/Train_cropped/cropped_frame_025416.PNG,A debris in the ocean,debris
/projects/data/turtle-full-v2/images/Train_cropped/cropped_frame_025115.PNG,A garbage in the sea,debris
/projects/data/turtle-full-v2/images/Train_cropped/cropped_frame_025216.PNG,A marine litter,debris
/projects/data/turtle-full-v2/images/Train_cropped/cropped_frame_002004.PNG,A garbage in the ocean,debris
/projects/data/turtle-full-v2/images/Train_cropped/cropped_frame_025430.PNG,A garbage in the sea,debris
/projects/data/turtle-full-v2/images/Train_cropped/cropped_frame_025082.PNG,A debris in the ocean,debris
/projects/data/turtle-full-v2/images/Train_cropped/cropped_frame_001271.PNG,A garbage in the sea,debris
/projects/data/turtle-full-v2/images/Train_cropped/cropped_frame_025068.PNG,A garbage in the ocean,debris
/projects/data/turtle-full-v2/images/Train_cropped/cropped_frame_025166.PNG,A garbage in the ocean,debris
/projects/data/turtle-full-v2/images/Train_cropped/cropped_frame_025288.PNG,A garbage in the sea,debris
/projects/data/turtle-full-v2/images/Train_cropped/cropped_frame_025352.PNG,A marine litter,debris
/projects/data/turtle-full-v2/images/Train_cropped/cropped_frame_025224.PNG,A garbage in the ocean,debris
/projects/data/turtle-full-v2/images/Train_cropped/cropped_frame_001960.PNG,A debris in the ocean,debris
/projects/data/turtle-full-v2/images/Train_cropped/cropped_frame_001258.PNG,A debris in the ocean,debris
/projects/data/turtle-full-v2/images/Train_cropped/cropped_frame_001270.PNG,A garbage in the ocean,debris
/projects/data/turtle-full-v2/images/Train_cropped/cropped_frame_025411.PNG,A plastic waste in the sea,debris
/projects/data/turtle-full-v2/images/Train_cropped/cropped_frame_025376.PNG,A garbage in the ocean,debris
/projects/data/turtle-full-v2/images/Train_cropped/cropped_frame_025020.PNG,A garbage in the sea,debris
/projects/data/turtle-full-v2/images/Train_cropped/cropped_frame_001155.PNG,A garbage in the ocean,debris
/projects/data/turtle-full-v2/images/Train_cropped/cropped_frame_025370.PNG,A garbage in the ocean,debris
/projects/data/turtle-full-v2/images/Train_cropped/cropped_frame_025159.PNG,A plastic waste in the sea,debris
/projects/data/turtle-full-v2/images/Train_cropped/cropped_frame_025239.PNG,A garbage in the ocean,debris
/projects/data/turtle-full-v2/images/Train_cropped/cropped_frame_025035.PNG,A debris in the ocean,debris
/projects/data/turtle-full-v2/images/Train_cropped/cropped_frame_001222.PNG,A debris in the ocean,debris
/projects/data/turtle-full-v2/images/Train_cropped/cropped_frame_025213.PNG,A marine litter,debris
/projects/data/turtle-full-v2/images/Train_cropped/cropped_frame_025305.PNG,A marine litter,debris
/projects/data/turtle-full-v2/images/Train_cropped/cropped_frame_001925.PNG,A plastic waste in the sea,debris
/projects/data/turtle-full-v2/images/Train_cropped/cropped_frame_001241.PNG,A garbage in the sea,debris
/projects/data/turtle-full-v2/images/Train_cropped/cropped_frame_025158.PNG,A debris in the ocean,debris
/projects/data/turtle-full-v2/images/Train_cropped/cropped_frame_025389.PNG,A garbage in the ocean,debris
/projects/data/turtle-full-v2/images/Train_cropped/cropped_frame_025156.PNG,A plastic waste in the sea,debris
/projects/data/turtle-full-v2/images/Train_cropped/cropped_frame_025418.PNG,A plastic waste in the sea,debris
/projects/data/turtle-full-v2/images/Train_cropped/cropped_frame_025410.PNG,A garbage in the ocean,debris
/projects/data/turtle-full-v2/images/Train_cropped/cropped_frame_025334.PNG,A garbage in the ocean,debris
/projects/data/turtle-full-v2/images/Train_cropped/cropped_frame_025289.PNG,A garbage in the ocean,debris
/projects/data/turtle-full-v2/images/Train_cropped/cropped_frame_001999.PNG,A garbage in the sea,debris
/projects/data/turtle-full-v2/images/Train_cropped/cropped_frame_025403.PNG,A debris in the ocean,debris
/projects/data/turtle-full-v2/images/Train_cropped/cropped_frame_025113.PNG,A garbage in the ocean,debris
/projects/data/turtle-full-v2/images/Train_cropped/cropped_frame_002011.PNG,A debris in the ocean,debris
/projects/data/turtle-full-v2/images/Train_cropped/cropped_frame_025245.PNG,A plastic waste in the sea,debris
/projects/data/turtle-full-v2/images/Train_cropped/cropped_frame_025094.PNG,A debris in the ocean,debris
/projects/data/turtle-full-v2/images/Train_cropped/cropped_frame_025253.PNG,A garbage in the ocean,debris
/projects/data/turtle-full-v2/images/Train_cropped/cropped_frame_002007.PNG,A garbage in the ocean,debris
/projects/data/turtle-full-v2/images/Train_cropped/cropped_frame_002006.PNG,A debris in the ocean,debris
/projects/data/turtle-full-v2/images/Train_cropped/cropped_frame_025062.PNG,A plastic waste in the sea,debris
/projects/data/turtle-full-v2/images/Train_cropped/cropped_frame_025429.PNG,A debris in the ocean,debris
/projects/data/turtle-full-v2/images/Train_cropped/cropped_frame_001188.PNG,A garbage in the sea,debris
/projects/data/turtle-full-v2/images/Train_cropped/cropped_frame_001909.PNG,A marine litter,debris
/projects/data/turtle-full-v2/images/Train_cropped/cropped_frame_001159.PNG,A garbage in the sea,debris
/projects/data/turtle-full-v2/images/Train_cropped/cropped_frame_025272.PNG,A plastic waste in the sea,debris
/projects/data/turtle-full-v2/images/Train_cropped/cropped_frame_002002.PNG,A plastic waste in the sea,debris
/projects/data/turtle-full-v2/images/Train_cropped/cropped_frame_025059.PNG,A debris in the ocean,debris
/projects/data/turtle-full-v2/images/Train_cropped/cropped_frame_001963.PNG,A marine litter,debris
/projects/data/turtle-full-v2/images/Train_cropped/cropped_frame_001983.PNG,A debris in the ocean,debris
/projects/data/turtle-full-v2/images/Train_cropped/cropped_frame_001198.PNG,A garbage in the sea,debris
/projects/data/turtle-full-v2/images/Train_cropped/cropped_frame_025423.PNG,A garbage in the ocean,debris
/projects/data/turtle-full-v2/images/Train_cropped/cropped_frame_025366.PNG,A plastic waste in the sea,debris
/projects/data/turtle-full-v2/images/Train_cropped/cropped_frame_025164.PNG,A debris in the ocean,debris
/projects/data/turtle-full-v2/images/Train_cropped/cropped_frame_025255.PNG,A garbage in the sea,debris
/projects/data/turtle-full-v2/images/Train_cropped/cropped_frame_001200.PNG,A debris in the ocean,debris
/projects/data/turtle-full-v2/images/Train_cropped/cropped_frame_001171.PNG,A plastic waste in the sea,debris
/projects/data/turtle-full-v2/images/Train_cropped/cropped_frame_001931.PNG,A debris in the ocean,debris
/projects/data/turtle-full-v2/images/Train_cropped/cropped_frame_025228.PNG,A plastic waste in the sea,debris
/projects/data/turtle-full-v2/images/Train_cropped/cropped_frame_025342.PNG,A marine litter,debris
/projects/data/turtle-full-v2/images/Train_cropped/cropped_frame_025086.PNG,A garbage in the ocean,debris
/projects/data/turtle-full-v2/images/Train_cropped/cropped_frame_001168.PNG,A marine litter,debris
/projects/data/turtle-full-v2/images/Train_cropped/cropped_frame_001150.PNG,A garbage in the ocean,debris
/projects/data/turtle-full-v2/images/Train_cropped/cropped_frame_025221.PNG,A garbage in the sea,debris
/projects/data/turtle-full-v2/images/Train_cropped/cropped_frame_025369.PNG,A garbage in the ocean,debris
/projects/data/turtle-full-v2/images/Train_cropped/cropped_frame_025361.PNG,A plastic waste in the sea,debris
/projects/data/turtle-full-v2/images/Train_cropped/cropped_frame_025108.PNG,A garbage in the sea,debris
/projects/data/turtle-full-v2/images/Train_cropped/cropped_frame_001254.PNG,A garbage in the sea,debris
/projects/data/turtle-full-v2/images/Train_cropped/cropped_frame_001924.PNG,A garbage in the ocean,debris
/projects/data/turtle-full-v2/images/Train_cropped/cropped_frame_025163.PNG,A marine litter,debris
/projects/data/turtle-full-v2/images/Train_cropped/cropped_frame_025297.PNG,A debris in the ocean,debris
/projects/data/turtle-full-v2/images/Train_cropped/cropped_frame_001242.PNG,A garbage in the ocean,debris
/projects/data/turtle-full-v2/images/Train_cropped/cropped_frame_025299.PNG,A garbage in the sea,debris
/projects/data/turtle-full-v2/images/Train_cropped/cropped_frame_025102.PNG,A garbage in the ocean,debris
/projects/data/turtle-full-v2/images/Train_cropped/cropped_frame_001919.PNG,A marine litter,debris
/projects/data/turtle-full-v2/images/Train_cropped/cropped_frame_025384.PNG,A debris in the ocean,debris
/projects/data/turtle-full-v2/images/Train_cropped/cropped_frame_001947.PNG,A garbage in the ocean,debris
/projects/data/turtle-full-v2/images/Train_cropped/cropped_frame_025314.PNG,A plastic waste in the sea,debris
/projects/data/turtle-full-v2/images/Train_cropped/cropped_frame_001250.PNG,A plastic waste in the sea,debris
/projects/data/turtle-full-v2/images/Train_cropped/cropped_frame_025184.PNG,A marine litter,debris
/projects/data/turtle-full-v2/images/Train_cropped/cropped_frame_025236.PNG,A marine litter,debris
/projects/data/turtle-full-v2/images/Train_cropped/cropped_frame_025393.PNG,A garbage in the sea,debris
/projects/data/turtle-full-v2/images/Train_cropped/cropped_frame_025060.PNG,A garbage in the ocean,debris
/projects/data/turtle-full-v2/images/Train_cropped/cropped_frame_001945.PNG,A debris in the ocean,debris
/projects/data/turtle-full-v2/images/Train_cropped/cropped_frame_001212.PNG,A plastic waste in the sea,debris
/projects/data/turtle-full-v2/images/Train_cropped/cropped_frame_025294.PNG,A debris in the ocean,debris
/projects/data/turtle-full-v2/images/Train_cropped/cropped_frame_001190.PNG,A marine litter,debris
/projects/data/turtle-full-v2/images/Train_cropped/cropped_frame_025134.PNG,A garbage in the sea,debris
/projects/data/turtle-full-v2/images/Train_cropped/cropped_frame_025209.PNG,A debris in the ocean,debris
/projects/data/turtle-full-v2/images/Train_cropped/cropped_frame_025254.PNG,A debris in the ocean,debris
/projects/data/turtle-full-v2/images/Train_cropped/cropped_frame_001243.PNG,A marine litter,debris
/projects/data/turtle-full-v2/images/Train_cropped/cropped_frame_001247.PNG,A garbage in the ocean,debris
/projects/data/turtle-full-v2/images/Train_cropped/cropped_frame_001215.PNG,A debris in the ocean,debris
/projects/data/turtle-full-v2/images/Train_cropped/cropped_frame_001988.PNG,A garbage in the ocean,debris
/projects/data/turtle-full-v2/images/Train_cropped/cropped_frame_001163.PNG,A garbage in the sea,debris
/projects/data/turtle-full-v2/images/Train_cropped/cropped_frame_001978.PNG,A plastic waste in the sea,debris
/projects/data/turtle-full-v2/images/Train_cropped/cropped_frame_025176.PNG,A debris in the ocean,debris
/projects/data/turtle-full-v2/images/Train_cropped/cropped_frame_001937.PNG,A plastic waste in the sea,debris
/projects/data/turtle-full-v2/images/Train_cropped/cropped_frame_025340.PNG,A plastic waste in the sea,debris
/projects/data/turtle-full-v2/images/Train_cropped/cropped_frame_025064.PNG,A marine litter,debris
/projects/data/turtle-full-v2/images/Train_cropped/cropped_frame_001192.PNG,A plastic waste in the sea,debris
/projects/data/turtle-full-v2/images/Train_cropped/cropped_frame_001147.PNG,A plastic waste in the sea,debris
/projects/data/turtle-full-v2/images/Train_cropped/cropped_frame_025021.PNG,A debris in the ocean,debris
/projects/data/turtle-full-v2/images/Train_cropped/cropped_frame_025428.PNG,A garbage in the ocean,debris
/projects/data/turtle-full-v2/images/Train_cropped/cropped_frame_025407.PNG,A garbage in the ocean,debris
/projects/data/turtle-full-v2/images/Train_cropped/cropped_frame_025089.PNG,A marine litter,debris
/projects/data/turtle-full-v2/images/Train_cropped/cropped_frame_025287.PNG,A debris in the ocean,debris
/projects/data/turtle-full-v2/images/Train_cropped/cropped_frame_025388.PNG,A plastic waste in the sea,debris
/projects/data/turtle-full-v2/images/Train_cropped/cropped_frame_001977.PNG,A garbage in the sea,debris
/projects/data/turtle-full-v2/images/Train_cropped/cropped_frame_001948.PNG,A marine litter,debris
/projects/data/turtle-full-v2/images/Train_cropped/cropped_frame_025036.PNG,A garbage in the ocean,debris
/projects/data/turtle-full-v2/images/Train_cropped/cropped_frame_001949.PNG,A debris in the ocean,debris
/projects/data/turtle-full-v2/images/Train_cropped/cropped_frame_025264.PNG,A plastic waste in the sea,debris
